category,Pipeline,Event_TP,Event_TN,Event_FP,Event_FN,Event_Accuracy,Event_Precision,Event_Recall,Event_F1,MCC,TP_pixel,TN_pixel,FP_pixel,FN_pixel,Recall,Specificity,FPR,FNR,Precision,CDnet_FMeasure,PWC,avg_CPU,avg_process_cpu_percent,max_process_cpu_percent,median_CPU,avg_RAM,avg_ram_mb,max_ram_mb,avg_FPS,median_FPS,avg_latency_ms,median_latency_ms,P95_latency_ms,P99_latency_ms,Activation,processed_frames,temporal_roi_start,temporal_roi_end,evaluated_frames,skipped_frames_before_roi,warmup_frames,reused_prediction_count,reused_prediction_rate,Energy/frame,simulated_runtime_energy/frame,runtime_seconds,CPU_reduction_rate,EE_Gate_Score,mAP_50
PTZ,ASMAG_TR_CONTROLLER,379.5,110.0,873.75,20.25,0.3490925010131839,0.314182532031302,0.9723697023767872,0.4514392746805953,0.08140198170077285,1142918.5,120089827.5,2444171.25,189009.75,0.8855695428528059,0.9870416099198239,0.012958390080176074,0.11443045714719409,0.5730631535882234,0.6492860131439613,1.3972223306535458,162.51470466320896,162.51470466320896,284.46875,169.75,2.4591693201141256,805.8206202514637,813.5380859375,12.832391912306498,5.123190494717003,194.1141550308932,195.05691528320312,273.8267183303833,342.02619194984436,0.9334315318613859,1383.5,775.0,2157.5,1383.5,774.0,50.0,0.0,0.0,6.3671576593069314,7.596264584275847,259.5629979968071,-0.0004349457437355757,0.34821055553662006,0.17240453693948066
PTZ,ASMAG_TR_CONTROLLER_ONLINE_CALIBRATED,394.5,94.5,889.25,5.25,0.3458140736638125,0.3152734493219182,0.9909067533901346,0.4551199811621631,0.0829473740595786,1117692.25,119995430.0,2538568.75,214236.0,0.8606392010682611,0.9864326355990264,0.01356736440097355,0.13936079893173892,0.5433328469491087,0.6205097907731767,1.484147840283508,160.73159238430517,160.73159238430517,293.70625,169.0,2.501452672433293,819.6760953664691,827.4482421875,6.864221715195288,3.8978106967035,252.6573498168451,262.31545209884644,345.5125391483307,424.4974374771119,0.8913966168854612,1383.5,775.0,2157.5,1383.5,774.0,50.0,82.0,0.0563838784345356,6.181208763292607,7.468409588027366,343.04181933403015,0.010690703720735474,0.35018890978264317,0.14346571386265453
PTZ,ASMAG_TR_FAST,392.75,32.75,951.0,7.0,0.3133557739023651,0.303120987319541,0.9877294914770424,0.4412137832710828,0.02057696771263465,1040854.0,117757369.5,4776629.25,291074.25,0.7982011725506476,0.9749045392193428,0.025095460780657098,0.20179882744935237,0.4775279256417148,0.5401448530070599,2.671032990860843,157.16966712557812,157.16966712557812,327.6875,168.3375,2.504206989504087,820.5785463206993,822.6171875,18.886922544293864,4.711773271432403,175.21872019186986,213.8945460319519,273.85732531547546,323.0969190597534,0.7300950312126052,1383.5,775.0,2157.5,1383.5,774.0,50.0,374.0,0.24815942834979796,5.475291098898005,6.601171634109463,235.51936668157578,0.03242148454679057,0.31867434288683155,0.13345757304802
PTZ,P1_YOLO_Only,372.0,198.75,785.0,27.75,0.4114994339250198,0.3364771608475217,0.8665331445157134,0.4641764470110953,0.11526149558512447,1135691.0,121227703.0,1306295.75,196237.25,0.8735890061300899,0.9928410869024469,0.007158913097553175,0.12641099386991,0.6412724723583278,0.710642501547002,0.8325469414532201,162.48288417711728,162.48288417711728,198.3125,165.76875,2.3197916307161472,760.1493228262907,761.5859375,4.842881504686025,5.055574137533611,215.5250109073514,198.29261302947998,307.43566155433655,412.85191178321844,1.0,1383.5,775.0,2157.5,1383.5,774.0,0.0,0.0,0.0,6.200000000000001,7.8572748892092195,293.19665533304214,0.0,0.4114994339250198,0.17637591327115631
PTZ,P2_FrameDiff,293.75,327.25,656.5,106.0,0.37030460751510225,0.29180812218783253,0.7402841309123501,0.3829500986773758,0.0059571360558709485,1126088.5,121017605.5,1516393.25,205839.75,0.7003101947179793,0.991652429017845,0.008347570982154884,0.2996898052820207,0.6481521381277042,0.5707087838197881,0.9885664642613314,140.3959950127317,140.3959950127317,319.1375,166.3,2.3401870246149277,766.8324877737303,772.1376953125,95.64933737795856,5.3303260183391865,137.53468367012175,181.2489628791809,240.0977909564972,294.5278108119966,0.6967669339152834,1383.5,775.0,2157.5,1383.5,774.0,0.0,0.0,0.0,4.783834669576416,6.144082356970629,187.09239727258682,0.1371743160052738,0.42146832569564074,0.13808077305568345
PTZ,P3_MOG2,379.5,110.0,873.75,20.25,0.3490925010131839,0.314182532031302,0.9723697023767872,0.4514392746805953,0.08140198170077285,1142918.5,120089827.5,2444171.25,189009.75,0.8855695428528059,0.9870416099198239,0.012958390080176074,0.11443045714719409,0.5730631535882234,0.6492860131439613,1.3972223306535458,160.6277656638586,160.6277656638586,294.46875,168.5375,2.4279877962484817,795.6030417253103,801.2626953125,13.879624698593606,4.977231460812597,200.3715075958697,200.4568576812744,285.37073731422424,337.4774634838104,0.9334315318613859,1383.5,775.0,2157.5,1383.5,774.0,50.0,0.0,0.0,6.3671576593069314,7.524165467630111,267.29758310317993,0.011249050177201975,0.35312948530962385,0.17240453693948066
badWeather,ASMAG_TR_CONTROLLER,1107.0,509.75,2857.5,1.75,0.33931683423632997,0.2921589777626137,0.9979885057471265,0.44234764156639417,0.11431129710107178,8538532.75,686105980.75,3705976.0,1661940.5,0.8206994661500346,0.9893218023299561,0.0106781976700437,0.17930053384996542,0.7713318073037585,0.7825396333595264,1.3592110361494416,160.30782989516246,160.30782989516246,363.80625,168.08125,2.284942829410957,748.7300856996992,761.1025390625,18.634774262847188,17.14426748291401,159.8758197290531,138.205885887146,298.99948835372925,366.3470149040222,0.5668385283333683,4476.0,750.0,5225.0,4476.0,749.0,50.0,1784.25,0.36600827853554563,4.670793469520396,5.672928052557786,653.1183071136475,0.0225366649303687,0.34882451986979457,0.26337868697678063
badWeather,ASMAG_TR_CONTROLLER_ONLINE_CALIBRATED,1058.0,1202.75,2164.5,50.75,0.4648419058194038,0.33383955059290643,0.9630421596338793,0.48422623048201446,0.23907054531303562,8320897.5,686041714.5,3770242.25,1879575.75,0.8024753076951213,0.9892218540839173,0.01077814591608265,0.19752469230487865,0.7665367075836133,0.7711494211988714,1.3913676194868416,135.16813890684625,135.16813890684625,247.0625,156.175,2.514137502234668,823.8326468232628,853.130859375,8.60907065191412,6.206002538499784,202.46673995311215,205.8536410331726,339.4652009010315,424.9712824821472,0.6461061702827025,4476.0,750.0,5225.0,4476.0,749.0,50.0,710.75,0.1402235724216203,4.988189057868682,5.861021332211652,840.862327516079,0.17642138546728348,0.5672656734375868,0.23059850984729297
badWeather,ASMAG_TR_FAST,1051.0,840.0,2527.25,57.75,0.394380117570131,0.30314173181838683,0.9526483558021587,0.45014776019147207,0.1492813419407497,8255317.5,685979104.5,3832852.25,1945155.75,0.7972511285227383,0.989079963992019,0.01092003600798095,0.2027488714772617,0.7614174366889916,0.7662593655945178,1.4235646865325695,126.63214354415092,126.63214354415092,308.725,147.36875,2.216476359863527,726.2949856725925,738.2783203125,24.38064337821122,23.30343392892237,132.3298257514411,87.66579627990723,289.2223000526428,349.21175241470337,0.4697337331692182,4476.0,750.0,5225.0,4476.0,749.0,50.0,1807.5,0.377974486681857,4.1864661145142765,4.816293314678322,532.9077019095421,0.2278668506337037,0.4951954487432935,0.23906070120058676
badWeather,P1_YOLO_Only,997.25,1890.0,1477.25,111.5,0.5609353225979101,0.42267332926013224,0.9081473608344544,0.5531205891202584,0.29705305212776867,8480826.75,686415352.5,3396604.25,1719646.5,0.8150446558809965,0.9897232850366955,0.010276714963304526,0.1849553441190034,0.8023616638477788,0.7950974383748474,1.3189494509490511,163.99587058635876,163.99587058635876,199.96875,166.28125,1.9119004080067223,626.4915548734956,634.3994140625,4.005660287614713,4.037219848389653,283.09132532960456,273.0347514152527,359.94553565979004,448.20767641067505,1.0,4476.0,750.0,5225.0,4476.0,749.0,0.0,0.0,0.0,6.200000000000001,7.8897480811966,1365.5403384566307,0.0,0.5609353225979101,0.2673457475031815
badWeather,P2_FrameDiff,535.5,2448.0,919.25,573.25,0.6195189365841196,0.40962982407805876,0.518187787848127,0.40496220846492165,0.16353194427722265,6849653.75,686788050.75,3023906.0,3350819.5,0.6475656099429522,0.9901207666820958,0.009879233317904149,0.3524343900570478,0.819136399717427,0.6940293578924208,1.455333351872971,85.92171163310992,85.92171163310992,283.175,61.168749999999996,1.9452326999506881,637.413857418213,646.408203125,85.44520021115432,1.4437641665753105,117.2097912834127,57.00826644897461,389.007568359375,644.6834802627563,0.40305415024794944,4476.0,750.0,5225.0,4476.0,749.0,0.0,0.0,0.0,3.3152707512397472,3.9646473809943736,484.30099976062775,0.47602388159484615,0.9746781606842188,0.16533590272244247
badWeather,P3_MOG2,1010.75,1552.0,1815.25,98.0,0.5197878192888448,0.3735905593836792,0.9112091032811673,0.5095397047487512,0.2720947640532278,8418260.75,686311410.5,3500546.25,1782212.5,0.8078956923209396,0.9896170950581672,0.010382904941832775,0.19210430767906034,0.7880907898791814,0.7844385986759006,1.3353964857293121,134.49167503446148,134.49167503446148,353.175,132.95,2.062933629935623,675.982099968536,684.6962890625,32.32103001044207,4.539084242689123,171.83390324111664,166.67652130126953,297.39153385162354,388.53973150253296,0.701905739730958,4476.0,750.0,5225.0,4476.0,749.0,50.0,0.0,0.0,5.209528698654791,6.02901197925495,697.0481542348862,0.18160963815055914,0.6551673311425043,0.24230430047425522
baseline,ASMAG_TR_CONTROLLER,1024.25,8.5,38.25,32.25,0.9271061539339185,0.9528355707813428,0.9717705919298598,0.9600295853156017,0.09956529100550546,4450101.75,141581649.0,17693668.5,449682.0,0.9063079406538237,0.9401044705366252,0.05989552946337485,0.09369205934617625,0.48627003706361943,0.5565696886670592,6.155323573155423,159.41373567745296,159.41373567745296,346.675,170.6,2.591506958729499,849.185005929484,851.328125,38.81264770036853,4.903355764317767,152.94596486908554,204.63505387306213,246.32483422756195,286.08557760715485,0.6847972335549868,1103.25,410.0,1512.25,1103.25,409.0,50.0,300.75,0.27705360302579185,5.251691528077512,6.376974287545943,169.81537955999374,0.05309363585162152,0.9746458792286992,0.5130415134017426
baseline,ASMAG_TR_CONTROLLER_ONLINE_CALIBRATED,1020.0,25.5,21.25,36.5,0.9443376586417187,0.9720174757998965,0.968498453489766,0.9692836124401588,0.2124671978248851,4427479.5,141681491.5,17593826.0,472304.25,0.904226423985877,0.9409860487998785,0.05901395120012145,0.09577357601412288,0.49102387240000595,0.56114431983214,6.083721739065208,156.89531214985917,156.89531214985917,344.73125,168.575,2.5631451685803848,839.891484069821,843.1787109375,15.237318986275474,4.42955183018552,178.66199958708495,226.67795419692993,284.73860025405884,331.6205173730851,0.6956307109977073,1103.25,410.0,1512.25,1103.25,409.0,50.0,266.25,0.24267597195191123,5.297316590401935,6.45565097124787,196.23587077856064,0.06819345763441217,1.0081611088236886,0.51173314968151
baseline,ASMAG_TR_FAST,1024.25,8.5,38.25,32.25,0.9271061539339185,0.9528355707813428,0.9717705919298598,0.9600295853156017,0.09956529100550546,4449830.75,141584952.25,17690365.25,449953.0,0.9062764622829346,0.940132872571019,0.05986712742898102,0.0937235377170654,0.4864694057986783,0.5566845313684698,6.152895492262829,161.6077621975327,161.6077621975327,333.89375,170.91875,2.5724930050031207,842.9545115027788,845.3291015625,32.67888391313726,4.660652691086291,161.60901675317297,214.77138996124268,275.93713998794556,318.16437125205994,0.6842908189702467,1103.25,410.0,1512.25,1103.25,409.0,50.0,301.5,0.27756001761053195,5.249210096612285,6.455219009390042,176.88585150241852,0.040118806830307,0.9648114645110459,0.5127188822425249
baseline,P1_YOLO_Only,1052.25,0.0,46.75,4.25,0.9407557074606054,0.9445800979068197,0.9961756095537858,0.9673547714195678,0.0,4636261.75,140706528.0,18568789.5,263522.0,0.940511636067978,0.9372848598609018,0.0627151401390981,0.0594883639320219,0.48803214288993085,0.5631164367391409,6.314722855656168,168.32684177616375,168.32684177616375,194.88125,168.79375,2.444354927219773,800.9662247191055,802.7529296875,4.89230651903509,4.970701648118365,206.7741458418842,201.70077681541443,242.69439280033112,277.23821580410004,1.0,1103.25,410.0,1512.25,1103.25,409.0,0.0,0.0,0.0,6.200000000000002,8.092623312653583,227.18663543462753,0.0,0.9407557074606054,0.56482064148076
baseline,P2_FrameDiff,683.5,46.75,0.0,373.0,0.703881625802407,1.0,0.700085223522674,0.7986241416946106,0.2555644190693951,3048937.0,147712958.75,11562358.75,1850846.75,0.737152505444753,0.9607795844461827,0.039220415553817174,0.26284749455524703,0.4865867044913917,0.48432527447286944,5.204316304161827,118.14894746445124,118.14894746445124,249.59375,126.49375,2.456174973916027,804.8394154528037,806.15234375,46.019503791311706,3.6333367389355233,134.4341743831355,150.8701741695404,228.78743410110474,266.6347759962082,0.6484617237092266,1103.25,410.0,1512.25,1103.25,409.0,0.0,0.0,0.0,4.542308618546132,5.798554950501984,140.66527616977692,0.2979228461992043,0.8735660537189038,0.41970618935168746
baseline,P3_MOG2,912.25,42.25,4.5,144.25,0.8778496223155156,0.994208717273658,0.8807162771286636,0.9298500712258672,0.2560100307739236,3966144.75,144722333.25,14552984.25,933639.0,0.855179906592691,0.9507811997273222,0.049218800272677804,0.1448200934073089,0.4974165626021006,0.5494792639153891,5.482375141518534,148.71586345118547,148.71586345118547,241.4625,171.28125,2.513152598988994,823.5098447205787,824.51171875,34.426225251780124,4.937339838353115,177.35242113253855,203.3306360244751,248.2219249010086,283.5595273971558,0.8313805980076155,1103.25,410.0,1512.25,1103.25,409.0,50.0,0.0,0.0,5.856902990038079,7.124797332777334,194.37171870470047,0.11639637307339651,0.9729010898205415,0.5054483914813774
cameraJitter,ASMAG_TR_CONTROLLER,553.0,56.5,161.25,12.75,0.843130857018241,0.8595104812782126,0.9711920199501247,0.9029613744599868,0.15483872259811593,2922165.0,65627442.25,5292101.0,331088.5,0.8325465342065179,0.9477208964528145,0.05227910354718543,0.16745346579348203,0.6347296486928757,0.6691812168600207,5.59035195908968,162.5694142840183,162.5694142840183,259.8,171.11875,1.9106046803011592,626.0669462071271,627.58984375,20.628459389354287,4.788371688094364,216.6069514399461,210.2950215339661,316.163569688797,400.2460658550262,0.9374162340952938,783.5,822.5,1605.0,783.5,821.5,50.0,0.0,0.0,6.387081170476471,7.628657505553584,160.8872291445732,0.01412809979307095,0.8543035350205427,0.5295654619968525
cameraJitter,ASMAG_TR_CONTROLLER_ONLINE_CALIBRATED,553.25,56.5,161.25,12.5,0.8437542984147497,0.8595104812782126,0.9718154613466334,0.9033089578453277,0.15483872259811593,2920269.25,65527561.5,5391981.75,332984.25,0.8319537718667502,0.9456705461757962,0.05432945382420388,0.16804622813324965,0.6199769835399189,0.6589706069138305,5.7811793240582805,163.4271622096091,163.4271622096091,270.60625,170.13125,2.1736630190744535,712.2659780653386,715.037109375,6.707917903879221,4.187294725638115,235.35971725055686,242.723286151886,331.5834701061249,423.2805609703061,0.8982134197606371,783.5,822.5,1605.0,783.5,821.5,50.0,15.25,0.03982625573116555,6.224279612025715,7.457468911096871,173.91779214143753,0.008999331410325998,0.8515741938727728,0.5165343018790834
cameraJitter,ASMAG_TR_FAST,565.0,0.0,217.75,0.75,0.8355851971925804,0.8363792894459855,0.9988765586034913,0.9000477546985859,-0.0072113865492394,2965413.0,62947011.0,7972532.25,287840.5,0.8514892619019233,0.9165149510156584,0.08348504898434157,0.14851073809807672,0.550829444809325,0.6096868680408417,8.466115479658786,167.67226049685343,167.67226049685343,325.91875,170.64375,1.9313418390474741,632.8621280644007,635.1787109375,13.31049358050625,4.732118915688197,207.45039999419646,214.06495571136475,299.48359727859497,616.8694138526913,0.8616165757960622,783.5,822.5,1605.0,783.5,821.5,50.0,113.25,0.13746775603945702,6.121829654584255,7.264530834106037,149.04785430431366,-0.01661372450485495,0.8244881215859933,0.4433917082187
cameraJitter,P1_YOLO_Only,495.75,95.25,122.5,70.0,0.8426039055921722,0.9016848802948105,0.8871798877981367,0.8832717732202509,0.19001981836109552,2683480.25,64318157.25,6601386.0,569773.25,0.7762885522265298,0.9375016808851885,0.06249831911481153,0.22371144777347016,0.631594555182697,0.6398536706129011,6.950917468693847,164.96802462366628,164.96802462366628,189.51875,167.81875,1.9960335604524304,654.0602951533334,655.4296875,5.124104690529973,5.303735159427891,201.30897278439218,188.81535530090332,265.56316018104553,368.412107229232,1.0,783.5,822.5,1605.0,783.5,821.5,0.0,0.0,0.0,6.200000000000003,8.105492978002832,157.46787172555923,0.0,0.8426039055921722,0.4884753045933219
cameraJitter,P2_FrameDiff,557.5,34.5,183.25,8.25,0.8398520395231557,0.8525690958398245,0.97933762459947,0.9016172540007282,0.1538219311589108,2820600.75,64174928.5,6744614.75,432652.75,0.8074129298472691,0.9300028450561861,0.06999715494381388,0.19258707015273083,0.5668909643675814,0.612405991696291,7.426693463912947,162.8477193329815,162.8477193329815,207.65625,170.8125,1.9266680523128648,631.3306104109431,633.2939453125,12.259119373855354,5.333733607986421,187.2038922481417,187.05201148986816,253.71086597442627,298.83319139480597,0.9553240750328453,783.5,822.5,1605.0,783.5,821.5,0.0,0.0,0.0,6.076620375164224,7.862971582556712,147.8597811460495,0.012610846075228124,0.8499788970706252,0.49811792325047943
cameraJitter,P3_MOG2,553.0,56.5,161.25,12.75,0.843130857018241,0.8595104812782126,0.9711920199501247,0.9029613744599868,0.15483872259811593,2922165.0,65627442.25,5292101.0,331088.5,0.8325465342065179,0.9477208964528145,0.05227910354718543,0.16745346579348203,0.6347296486928757,0.6691812168600207,5.59035195908968,160.13621877810493,160.13621877810493,202.6125,169.06875,1.9801895361515374,648.8685153106924,650.0703125,20.7392015015499,4.993627427182327,205.55511980605417,200.60491561889648,301.42101645469666,463.4736895561218,0.9374162340952938,783.5,822.5,1605.0,783.5,821.5,50.0,0.0,0.0,6.387081170476471,7.60864073359351,150.89384311437607,0.02889985157018525,0.8668205638749269,0.5295654619968525
dynamicBackground,ASMAG_TR_CONTROLLER,583.5,218.66666666666666,1409.8333333333333,0.8333333333333334,0.4850589595177451,0.42447323158634526,0.996976713762428,0.5689437054879939,0.20761695500986174,3516468.1666666665,266490296.83333334,9080151.5,359338.6666666667,0.9128710397129108,0.985977906520637,0.014022093479362932,0.08712896028708912,0.6391184649766779,0.6701689714594785,1.469178019363417,149.64436825495312,149.64436825495312,273.6166666666667,149.38333333333333,2.034352169051488,666.6165316020396,669.1822916666666,31.83975788054714,4.513332049612644,192.73324758589402,185.54651737213135,294.25067305564875,345.45185685157776,0.8338306488832087,2212.8333333333335,933.3333333333334,3145.1666666666665,2212.8333333333335,932.3333333333334,50.0,0.0,0.0,5.869153244416045,6.998171867739412,463.21495076020557,0.08163972004115176,0.561049484782516,0.36310158032243
dynamicBackground,ASMAG_TR_CONTROLLER_ONLINE_CALIBRATED,583.8333333333334,184.33333333333334,1444.1666666666667,0.5,0.45136505373839436,0.3746481683783333,0.9987613453869612,0.5284698883069546,0.16079326026659949,3505639.3333333335,266465891.83333334,9104556.5,370167.5,0.9043971048594971,0.9858367360815511,0.014163263918448833,0.09560289514050287,0.6056210872470176,0.6500439676096922,1.4882824575434521,151.62977190449507,151.62977190449507,317.16249999999997,159.39166666666668,2.2118688749189275,724.7852606030998,732.611328125,10.041035149242736,5.919176673029347,230.69434728535362,224.75163141886392,366.6396578152974,434.4545253117879,0.8168852493449656,2212.8333333333335,933.3333333333334,3145.1666666666665,2212.8333333333335,932.3333333333334,50.0,71.0,0.051417910550496417,5.80862935877692,6.9211489068560885,539.1221869786581,0.06956700180457652,0.5037959011907055,0.3489297653018532
dynamicBackground,ASMAG_TR_FAST,583.3333333333334,48.0,1580.5,1.0,0.3551040306403997,0.3291342245385544,0.9962525380340045,0.47750372008254605,0.05871817731294656,3450680.3333333335,266244982.16666666,9325466.166666666,425126.5,0.8974483700305537,0.9804953187981663,0.019504681201833633,0.10255162996944622,0.48607841185936995,0.5724604203753716,2.008862969946095,160.20484513067507,160.20484513067507,378.03749999999997,167.57083333333335,2.0365217885609903,667.3275100501367,674.03515625,22.374880556837926,14.786213967281741,201.50378847763326,187.73261706034342,359.4181358814239,441.6800844669342,0.7280536815641017,2212.8333333333335,933.3333333333334,3145.1666666666665,2212.8333333333335,932.3333333333334,50.0,434.3333333333333,0.23545407215168254,5.463813815035675,6.51280593498766,466.8913632631302,0.018292038561696318,0.36179441655745675,0.33694770882074265
dynamicBackground,P1_YOLO_Only,565.5,427.5,1201.0,18.833333333333332,0.6208073095965939,0.624700541862655,0.9423030553838175,0.6695890000079894,0.473942569008974,3510266.6666666665,266512767.66666666,9057680.666666666,365540.1666666667,0.893734189503857,0.986349699741705,0.013650300258294917,0.10626581049614299,0.6544440176740642,0.6661956433243336,1.437861790755365,163.08330188625118,163.08330188625118,191.90833333333333,166.15416666666667,2.0351391498068394,666.8744269197431,672.0611979166666,4.52964661910509,4.689310414687881,234.76691206751414,216.1110838254293,320.67171931266785,434.6090245246887,1.0,2212.8333333333335,933.3333333333334,3145.1666666666665,2212.8333333333335,932.3333333333334,0.0,0.0,0.0,6.200000000000002,7.978635284340147,534.625356554985,0.0,0.6208073095965939,0.34386767996750417
dynamicBackground,P2_FrameDiff,479.0,696.3333333333334,932.1666666666666,105.33333333333333,0.590248094477316,0.573871598958157,0.8673268604706122,0.6103213923098649,0.3257369179593002,3420473.6666666665,267061822.33333334,8508626.0,455333.1666666667,0.8474128559274359,0.9868299063225883,0.013170093677411667,0.15258714407256413,0.6575952356086371,0.6456809681835992,1.4364107989972428,117.3988307615606,117.3988307615606,282.45416666666665,116.45416666666667,1.9834267687641558,649.9292855411127,656.2109375,42.74556559275364,3.026861527268063,151.54738266925756,139.81095949808756,309.7166617711385,363.1505115826926,0.655578023717042,2212.8333333333335,933.3333333333334,3145.1666666666665,2212.8333333333335,932.3333333333334,0.0,0.0,0.0,4.577890118585208,5.677259127333953,322.91844014326733,0.282555994171234,0.8343578301209332,0.29530187787437806
dynamicBackground,P3_MOG2,583.5,218.66666666666666,1409.8333333333333,0.8333333333333334,0.4850589595177451,0.42447323158634526,0.996976713762428,0.5689437054879939,0.20761695500986174,3516468.1666666665,266490296.83333334,9080151.5,359338.6666666667,0.9128710397129108,0.985977906520637,0.014022093479362932,0.08712896028708912,0.6391184649766779,0.6701689714594785,1.469178019363417,145.61996173611212,145.61996173611212,259.6666666666667,143.8166666666667,2.050155838591122,671.7950744278429,674.826171875,36.29986360799713,4.514342245414137,214.3675472876282,198.23402166366577,329.4559220472972,408.55250716209395,0.8338306488832087,2212.8333333333335,933.3333333333334,3145.1666666666665,2212.8333333333335,932.3333333333334,50.0,0.0,0.0,5.869153244416045,6.911205375502185,497.2469952901204,0.10608003990023752,0.5794353608284767,0.36310158032243
intermittentObjectMotion,ASMAG_TR_CONTROLLER,1732.6666666666667,0.0,285.8333333333333,0.0,0.834266312391493,0.834266312391493,1.0,0.8949166904410965,0.0,1275259.5,37851038.333333336,10652120.166666666,592307.3333333334,0.665383435868334,0.8324283470470276,0.16757165295297238,0.334616564131666,0.4262386733751589,0.3300000031810872,19.077632107957765,161.84651435415185,161.84651435415185,364.575,168.54583333333335,1.9667432382891696,644.4624549492754,649.2278645833334,43.583088397808325,25.962706642864912,190.6228538368446,210.39921045303345,351.31383935610455,452.16144919395447,0.665675204762852,2018.5,1090.8333333333333,3108.3333333333335,2018.5,1089.8333333333333,50.0,600.8333333333334,0.334324795237148,5.161808503337974,6.210069651685458,410.90664927164715,0.0034504031090259145,0.8256146066777985,0.04577379718208968
intermittentObjectMotion,ASMAG_TR_CONTROLLER_ONLINE_CALIBRATED,1675.3333333333333,82.5,203.33333333333334,57.333333333333336,0.8590269173096288,0.8677000491474426,0.9530108353843983,0.9008013765177285,0.13107260277436003,1243105.0,38862092.333333336,9641066.166666666,624461.8333333334,0.6354625724489029,0.8439153688284139,0.15608463117158614,0.3645374275510971,0.43014347939633546,0.3291775543975279,18.160632903182194,154.32163589292801,154.32163589292801,399.19166666666666,165.47916666666666,2.164290359708452,709.1947269745389,720.30078125,20.295179348108494,15.91842600192951,190.13558337087753,183.69591236114502,342.7709937095642,421.95103764534,0.6420521791136365,2018.5,1090.8333333333333,3108.3333333333335,2018.5,1089.8333333333333,50.0,509.3333333333333,0.26889818620374456,5.022452487829797,6.004534325767651,403.55471833546954,0.05030160464002096,0.8975588169647359,0.03643879495128103
intermittentObjectMotion,ASMAG_TR_FAST,1659.8333333333333,32.166666666666664,253.66666666666666,72.83333333333333,0.8164260290149635,0.8382346957444043,0.9422799925690605,0.8771284603070061,0.021484963311615715,1225206.6666666667,38688269.0,9814889.5,642360.1666666666,0.6263951339374962,0.8419830919009964,0.1580169080990037,0.3736048660625038,0.4268349568628708,0.3238438095704926,18.409810672104925,155.1406641494658,155.1406641494658,393.6041666666667,166.92083333333332,1.9293250983413557,632.2012803987822,638.3216145833334,53.035306961605095,40.13886598407809,168.73522218445336,171.81350787480673,331.9821854432424,464.7605439027152,0.5939591148250395,2018.5,1090.8333333333333,3108.3333333333335,2018.5,1089.8333333333333,50.0,627.3333333333334,0.34377294554303467,4.8041728686795,5.724865558834729,368.20379745960236,0.04469926778816948,0.8380924405377881,0.034261447951676745
intermittentObjectMotion,P1_YOLO_Only,1703.6666666666667,1.3333333333333333,284.5,29.0,0.8197580301667754,0.8345090522917321,0.9849049281175034,0.8873024583166912,0.00772767151262975,1276809.8333333333,37854098.5,10649060.0,590757.0,0.6657867875362727,0.8324991429216092,0.16750085707839077,0.3342132124637272,0.42947769957931176,0.32982864798245626,19.081252133313217,162.5099665729247,162.5099665729247,191.38750000000002,165.73749999999998,1.9281474061237491,631.8153588480851,635.6881510416666,4.103966380331918,4.147410262900249,253.54223074375295,244.11686261494955,323.45933715502423,422.2279965877533,1.0,2018.5,1090.8333333333333,3108.3333333333335,2018.5,1089.8333333333333,0.0,0.0,0.0,6.200000000000002,7.824682002097947,514.2459087371826,0.0,0.8197580301667754,0.07844786331646476
intermittentObjectMotion,P2_FrameDiff,1079.5,192.0,93.83333333333333,653.1666666666666,0.6015345460449243,0.8023024645475162,0.49899244812909466,0.5557245627884354,-0.012358257555219167,810652.5,44127371.833333336,4375786.666666667,1056914.3333333333,0.28077340094475667,0.9024969397593657,0.09750306024063427,0.7192265990552432,0.34049356434094374,0.19125325324374517,14.033574565225244,91.7132488449738,91.7132488449738,238.17916666666667,107.04583333333333,1.9539241021454814,640.2618477664682,642.64453125,57.343616609922265,2.6461940125337096,127.51782944462666,122.29671080907185,205.47433694203696,339.2710705598196,0.5027120670361876,2018.5,1090.8333333333333,3108.3333333333335,2018.5,1089.8333333333333,0.0,0.0,0.0,3.813560335180938,4.623699739645849,301.80132313569385,0.43411928282903395,0.8015399004321638,0.0038772126605554447
intermittentObjectMotion,P3_MOG2,1474.8333333333333,127.0,158.83333333333334,257.8333333333333,0.7865597447554197,0.883940269884147,0.8225942501306577,0.8424581888947049,0.13884386810577246,1096839.8333333333,41677772.666666664,6825385.833333333,770727.0,0.5619152167901366,0.8657983670483104,0.13420163295168955,0.4380847832098634,0.4264066054323105,0.3105345164747013,16.529366271177288,135.43193227549054,135.43193227549054,302.7625,163.25625,1.8851657526972339,617.7311267593448,621.9212239583334,55.50480713959348,4.407737625504942,188.4776544949789,225.14895598093668,293.32880179087323,393.492313226064,0.7772820504913932,2018.5,1090.8333333333333,3108.3333333333335,2018.5,1089.8333333333333,50.0,0.0,0.0,5.586410252456967,6.452901363034346,404.3438736597697,0.165741382896479,0.8981469616686405,0.048568511603022384
lowFramerate,ASMAG_TR_CONTROLLER,360.25,203.75,710.75,26.25,0.4217895963735354,0.3520671553861464,0.9633208966100213,0.49411317585286196,0.1279094958679721,1203590.25,85289527.25,6138147.0,594803.75,0.5846320017674956,0.9627462669784773,0.0372537330215226,0.41536799823250425,0.48362823161106794,0.48965143176350456,4.2974899301332865,161.33142551278112,161.33142551278112,296.35,167.725,2.024575653972102,663.4129556619878,664.4375,15.212516369239875,4.597639248277968,201.59178760896978,217.6099419593811,292.09810495376587,344.1805839538574,0.8815820335196167,1301.0,1050.0,2350.0,1301.0,1049.0,50.0,0.0,0.0,6.107910167598085,7.454508374288318,256.5317566394806,0.011703475126270473,0.4257632759346888,0.16053400585984978
lowFramerate,ASMAG_TR_CONTROLLER_ONLINE_CALIBRATED,379.0,189.0,725.5,7.5,0.4237885968732855,0.35440736801182254,0.9855102457224474,0.50110363743685,0.15081808208292266,1251112.5,82776827.25,8650847.0,547281.5,0.5777598318278121,0.9479687520373177,0.05203124796268228,0.42224016817218785,0.45452049250332677,0.4590102558380417,5.755948520355172,156.01705174554232,156.01705174554232,236.2,167.66875,2.3032833422832337,754.7399858512979,759.2666015625,5.709888338061558,3.9262698345953075,241.50649510921656,259.56737995147705,345.6193208694458,408.80733728408813,0.8533693434574623,1301.0,1050.0,2350.0,1301.0,1049.0,50.0,66.75,0.044954319247561825,5.991675298537702,7.236732891974586,321.7932529449463,0.04404498133481042,0.4428860696989455,0.15218441229289054
lowFramerate,ASMAG_TR_FAST,379.75,15.75,898.75,6.75,0.33410626257681036,0.3293941409895552,0.987811495802212,0.47336711777493024,-0.006333756307240725,1186935.25,80485029.25,10942645.0,611458.75,0.5452976832983057,0.9327925018966836,0.06720749810331628,0.45470231670169425,0.4188612738138238,0.4213466975207789,7.433589558354609,150.52006507962886,150.52006507962886,312.64375,165.15,2.067864693544344,677.5979497561087,681.82421875,15.417904883039226,4.507020846645177,186.24772813509145,223.98358583450317,304.27485704421997,359.8562479019165,0.7296281205412823,1301.0,1050.0,2350.0,1301.0,1049.0,50.0,406.25,0.258379372718076,5.473978539978218,6.490804131767989,233.69393742084503,0.0778088993102012,0.35868443885369905,0.13848889557897223
lowFramerate,P1_YOLO_Only,383.75,17.25,897.25,2.75,0.3446962612981396,0.33445001776606686,0.9855378777792572,0.47830141971366147,0.03969244331155085,1278461.75,81062231.25,10365443.0,519932.25,0.5889281233547794,0.9386172439497739,0.06138275605022605,0.41107187664522066,0.47267829627627966,0.4738144305716282,6.6090958071008705,163.27513036397397,163.27513036397397,198.775,165.90625,1.9957739802349999,653.9752529820854,657.591796875,4.520412176100223,4.650133629114269,227.87644714733906,217.01514720916748,297.366738319397,369.35657262802124,1.0,1301.0,1050.0,2350.0,1301.0,1049.0,0.0,0.0,0.0,6.200000000000001,7.9757855737159105,287.82811230421066,0.0,0.3446962612981396,0.158153202661075
lowFramerate,P2_FrameDiff,352.25,265.0,649.5,34.25,0.44815006434954674,0.3529721890330687,0.9478209986300172,0.4970549275932801,0.11610582030197185,1191539.75,85298223.5,6129450.75,606854.25,0.5788635038677273,0.9628511993978,0.03714880060220008,0.4211364961322726,0.48162653769345953,0.48749922703689663,4.294261355226057,162.42302612198452,162.42302612198452,296.56875,168.59375,2.017993061588045,661.2559654450961,662.984375,58.12118032560398,4.491835484849575,197.17295133899395,219.78777647018433,294.0034866333008,356.01121187210083,0.8467621718453048,1301.0,1050.0,2350.0,1301.0,1049.0,0.0,0.0,0.0,5.533810859226523,7.2362610864975485,235.06083548069,0.004999896181462049,0.451302368297613,0.16006350049980753
lowFramerate,P3_MOG2,360.25,203.75,710.75,26.25,0.4217895963735354,0.3520671553861464,0.9633208966100213,0.49411317585286196,0.1279094958679721,1203590.25,85289527.25,6138147.0,594803.75,0.5846320017674956,0.9627462669784773,0.0372537330215226,0.41536799823250425,0.48362823161106794,0.48965143176350456,4.2974899301332865,161.25177826882108,161.25177826882108,311.61875,167.95,2.0978614518054215,687.4272439438611,688.55078125,15.539667471609029,4.3286603943281525,218.18484042409113,233.04086923599243,314.9697780609131,377.96956300735474,0.8815820335196167,1301.0,1050.0,2350.0,1301.0,1049.0,50.0,0.0,0.0,6.107910167598085,7.37194458309544,271.2217001914978,0.01219084356448625,0.42532767463845966,0.16053400585984978
nightVideos,ASMAG_TR_CONTROLLER,712.3333333333334,372.1666666666667,962.6666666666666,0.3333333333333333,0.4773599864732494,0.4318738549058027,0.9996735226901731,0.599505328800825,0.10656581161129307,807531.1666666666,107612792.33333333,1347232.3333333333,770011.1666666666,0.48559507184829115,0.9864761939363471,0.013523806063652867,0.5144049281517088,0.395658116422756,0.405576548566605,2.527923557821263,155.3106874682562,155.3106874682562,256.21666666666664,164.26250000000002,2.2501447307397604,737.3274492740989,742.8795572916666,20.604305022290244,5.132771187543228,195.11182959878548,178.71208985646567,256.5400958061218,305.5617181460063,0.914698732696451,2047.5,721.6666666666666,2768.1666666666665,2047.5,720.6666666666666,50.0,0.0,0.0,6.273493663482256,7.491816432589605,340.07727150122327,0.047589668255549465,0.5190644776257506,0.06547342392487686
nightVideos,ASMAG_TR_CONTROLLER_ONLINE_CALIBRATED,710.6666666666666,320.0,1014.8333333333334,2.0,0.46517210920485635,0.421682977361802,0.9980411361410382,0.5893730681236135,0.09311542913203567,818470.0,107408748.83333333,1551275.8333333333,759072.3333333334,0.49490924046361434,0.9840175472900893,0.0159824527099107,0.5050907595363856,0.3664345508086532,0.3875072062144426,2.7562457867996653,161.09480197607624,161.09480197607624,274.35833333333335,167.37291666666667,2.5305754086074312,829.2190163785768,836.8997395833334,7.104800678713844,4.393313623185134,237.68553716050124,241.28963549931845,323.1650908788045,390.15362699826557,0.8880901499317391,2047.5,721.6666666666666,2768.1666666666665,2047.5,720.6666666666666,50.0,138.33333333333334,0.048718447460204754,6.174529568140081,7.379190829039744,416.27670959631604,0.012068613064232452,0.4745239641728245,0.059832360053086696
nightVideos,ASMAG_TR_FAST,709.3333333333334,291.1666666666667,1043.6666666666667,3.3333333333333335,0.45806767473138893,0.4169119705014351,0.9966008465090247,0.5842610258167525,0.08112041119243114,840807.3333333334,107170127.0,1789897.6666666667,736735.0,0.5085069078177736,0.9804041629168769,0.01959583708312305,0.4914930921822264,0.34337722291069656,0.37379275663308026,3.0846269243310247,163.9976696367963,163.9976696367963,384.7625,168.91666666666666,2.2905560670489193,750.5694169646812,755.8997395833334,18.689107940998877,13.976892534601282,181.96108626160648,187.9111329714457,275.6753087043762,333.17713300387067,0.7675573776385326,2047.5,721.6666666666666,2768.1666666666665,2047.5,720.6666666666666,50.0,387.6666666666667,0.17104118684440406,5.654891006877102,6.771995858386433,309.6281875371933,-0.005721390892745699,0.4564694714161368,0.05398290633747003
nightVideos,P1_YOLO_Only,412.3333333333333,755.3333333333334,579.5,300.3333333333333,0.5095123253901789,0.4178107270020588,0.5656814944706335,0.4577581549887016,-0.0033126560533903357,545256.0,108787732.0,172292.66666666666,1032286.3333333334,0.2958359216149777,0.9980768557805414,0.0019231442194586003,0.7041640783850224,0.7337193141334569,0.3935043416566513,1.6934549135577814,163.07357084013427,163.07357084013427,198.3791666666667,166.13125,2.17311983416881,712.0879104139968,715.0963541666666,5.041998306169169,5.160138414079565,207.60291667385016,199.15825128555298,272.28541175524396,333.3000433444976,1.0,2047.5,721.6666666666666,2768.1666666666665,2047.5,720.6666666666666,0.0,0.0,0.0,6.200000000000002,7.837077959932524,401.14293082555133,0.0,0.5095123253901789,0.059806811216630784
nightVideos,P2_FrameDiff,513.0,736.1666666666666,598.6666666666666,199.66666666666666,0.5597664514293611,0.46670619660985113,0.6904148881318853,0.531900334234456,0.16601572307330184,577848.0,108733876.0,226148.66666666666,999694.3333333334,0.3135585858063327,0.9975678194708001,0.002432180529199917,0.6864414141936672,0.7069118709447658,0.4044007159103513,1.7375064811044398,150.67622146932754,150.67622146932754,360.7791666666667,144.875,2.110065764208725,691.4263515392286,695.0423177083334,139.10061690947336,45.786654054978975,109.98649419521784,121.18061383565266,230.3153415520986,287.8106363614401,0.5673787031730989,2047.5,721.6666666666666,2768.1666666666665,2047.5,720.6666666666666,0.0,0.0,0.0,4.136893515865494,5.561365269703974,206.13379844029745,0.07612635626772994,0.6236688651875564,0.054717294147454215
nightVideos,P3_MOG2,712.3333333333334,372.1666666666667,962.6666666666666,0.3333333333333333,0.4773599864732494,0.4318738549058027,0.9996735226901731,0.599505328800825,0.10656581161129307,807531.1666666666,107612792.33333333,1347232.3333333333,770011.1666666666,0.48559507184829115,0.9864761939363471,0.013523806063652867,0.5144049281517088,0.395658116422756,0.405576548566605,2.527923557821263,154.3151522765228,154.3151522765228,251.59166666666667,163.47916666666666,2.1997398295281356,720.8107622359512,725.3860677083334,18.71066277247395,5.123843920383325,196.55339590373111,178.64956458409628,272.9109783967336,343.57773502667743,0.914698732696451,2047.5,721.6666666666666,2768.1666666666665,2047.5,720.6666666666666,50.0,0.0,0.0,6.273493663482256,7.417640071224141,342.0626397530238,0.05372426675310665,0.5211098861812005,0.06547342392487686
shadow,ASMAG_TR_CONTROLLER,1253.1666666666667,812.5,100.33333333333333,184.83333333333334,0.8704157558322704,0.889281960040328,0.90844526401349,0.8913075599189678,0.6346626600628537,13075639.333333334,287120478.0,9113276.5,2615495.3333333335,0.8928070769050657,0.9774499704617018,0.022550029538298034,0.10719292309493426,0.733428607129213,0.7411118821889199,2.7529073879423653,114.62824789381811,114.62824789381811,290.27916666666664,117.12916666666668,2.376899264821523,778.8623524673307,781.8053385416666,75.09536737005898,5.134236416830563,132.38954998822464,127.19293435414632,252.82069245974222,353.2080602645874,0.6244464304028379,2350.8333333333335,475.0,2824.8333333333335,2350.8333333333335,474.0,50.0,0.0,0.0,4.82223215201419,5.486689811778571,285.82273574670154,0.3022814265410027,1.136493492238055,0.6638901811485254
shadow,ASMAG_TR_CONTROLLER_ONLINE_CALIBRATED,1400.0,550.3333333333334,362.5,38.0,0.8394076438536578,0.7869207182303373,0.9796670181550061,0.8616833087501785,0.602034330360437,14236031.0,282097954.0,14135800.5,1455103.6666666667,0.9312604231200351,0.9652884010439854,0.03471159895601452,0.06873957687996489,0.7006505659854959,0.7292307339400909,3.734406291536372,146.82247223709186,146.82247223709186,377.87083333333334,163.71041666666667,2.461141725077231,806.4669561849513,813.4264322916666,26.652380519683366,18.460325031942894,144.05977071113352,150.72510639826456,280.08044560750324,368.49444548288983,0.5642081026598665,2350.8333333333335,475.0,2824.8333333333335,2350.8333333333335,474.0,50.0,531.6666666666666,0.20366322642823895,4.60957291146869,5.513641968973642,325.5384786128998,0.10751351189559666,0.9273586776963089,0.6754649343823735
shadow,ASMAG_TR_FAST,1395.5,194.66666666666666,718.1666666666666,42.5,0.7113445472872201,0.6916916925379891,0.9765441739819835,0.7858289927193596,0.3415695613294747,14099876.5,277594820.5,18638934.0,1591258.1666666667,0.9078023224638776,0.951616689088106,0.04838331091189405,0.09219767753612229,0.6590700009815479,0.6822948572929719,5.203812773184527,156.93168684847345,156.93168684847345,382.6791666666666,169.48333333333332,2.386318918400086,781.9489856445258,787.5944010416666,61.950703249767166,42.52168592332624,116.86524704902187,103.04294029871623,248.00289869308472,295.4622320334117,0.5164946719092837,2350.8333333333335,475.0,2824.8333333333335,2350.8333333333335,474.0,50.0,965.0,0.3743782684329482,4.4199111863897125,5.413236801676912,264.98128294944763,0.04565927912068077,0.7404499217170608,0.6494299918730725
shadow,P1_YOLO_Only,1412.6666666666667,87.66666666666667,825.1666666666666,25.333333333333332,0.6992006028369607,0.7122531051802049,0.9834078946275034,0.7882512423395501,0.4218403524933487,14569978.833333334,275645989.8333333,20587764.666666668,1121155.8333333333,0.952057009580726,0.9476964822221126,0.05230351777788733,0.047942990419273766,0.6858368423499951,0.710743595797063,5.364427399061842,164.47535263592184,164.47535263592184,196.26666666666665,167.10833333333332,2.243482950725588,735.1445067216229,738.478515625,4.969296732824993,5.122571181951452,206.5025430437191,196.8125899632772,264.5303467909495,334.0323070685069,1.0,2350.8333333333335,475.0,2824.8333333333335,2350.8333333333335,474.0,0.0,0.0,0.0,6.200000000000002,7.948479675527964,482.69328884283703,0.0,0.6992006028369607,0.6775204339558069
shadow,P2_FrameDiff,874.8333333333334,869.5,43.333333333333336,563.1666666666666,0.7349288536691739,0.9364816607399007,0.6826640661793881,0.7595985496427567,0.5318951107071171,10177208.5,291055807.0,5177947.5,5513926.166666667,0.7264379522080495,0.9861479428274801,0.013852057172519769,0.2735620477919504,0.7557115268258411,0.6648158957899016,2.7094457524354696,83.21919347114321,83.21919347114321,257.4916666666667,75.74583333333334,2.264597592892168,742.0633385156407,744.8020833333334,88.33723053368904,3.2399489299322877,85.9877390535035,61.08208497365316,223.82921377817786,264.90060925483704,0.4307296497271717,2350.8333333333335,475.0,2824.8333333333335,2350.8333333333335,474.0,0.0,0.0,0.0,3.453648248635858,4.201971732906703,184.73909775416055,0.49376150821794895,1.100379809308995,0.49710376451943655
shadow,P3_MOG2,1253.1666666666667,812.5,100.33333333333333,184.83333333333334,0.8704157558322704,0.889281960040328,0.90844526401349,0.8913075599189678,0.6346626600628537,13075639.333333334,287120478.0,9113276.5,2615495.3333333335,0.8928070769050657,0.9774499704617018,0.022550029538298034,0.10719292309493426,0.733428607129213,0.7411118821889199,2.7529073879423653,115.77754803797694,115.77754803797694,278.5208333333333,117.1875,2.3216932234554357,760.7724338909389,764.2174479166666,75.00845977261328,5.019571284702274,133.17221212269007,131.94731871287027,254.4836699962616,307.1997916698456,0.6244464304028379,2350.8333333333335,475.0,2824.8333333333335,2350.8333333333335,474.0,50.0,0.0,0.0,4.82223215201419,5.47746457542429,289.58718943595886,0.2953026498101339,1.13059864037492,0.6638901811485254
thermal,ASMAG_TR_CONTROLLER,3116.2,207.2,29.2,258.4,0.9337970267923706,0.9870693836420343,0.9409253969704018,0.9601187554815551,0.5752404870403754,18294584.4,251050988.2,2810084.0,2196203.0,0.845421055312442,0.9890040344569211,0.010995965543078901,0.154578944687558,0.8241887012115294,0.8335617974393295,1.7509640707020613,168.62217939468945,168.62217939468945,364.575,169.8,2.786503336003393,913.0814331870897,922.484375,53.625653715084376,23.654460902255828,156.03304585029147,177.87494659423828,293.6584711074829,350.29900074005127,0.6351776387052906,3611.0,610.0,4220.0,3611.0,609.0,50.0,1144.0,0.2678126044675005,5.002669453973203,6.117758533973282,502.42064690589905,-0.03739481432160758,0.8997755475034588,0.5456860904560179
thermal,ASMAG_TR_CONTROLLER_ONLINE_CALIBRATED,3000.4,215.2,21.2,374.2,0.9143018605833465,0.9939710734304061,0.9135546459097321,0.9492293277926154,0.5346659780641038,17823812.0,251142466.0,2718606.2,2666975.4,0.8286922568792663,0.9894232260605756,0.01057677393942432,0.17130774312073366,0.8288940781138416,0.8271778060649824,1.8603260377748931,160.25289020405756,160.25289020405756,368.525,167.72,2.645758192221617,866.9621146786067,878.546875,23.807508366762583,13.000811431898555,168.55162247121675,189.2317771911621,312.6140356063843,384.86433029174805,0.6257152478211698,3611.0,610.0,4220.0,3611.0,609.0,50.0,1123.8,0.23887745668568625,4.925740987394333,5.954483221314827,526.6985981464386,0.01378617250408776,0.9294791235686528,0.5323777129941604
thermal,ASMAG_TR_FAST,2899.4,211.4,25.0,475.2,0.8878860934994904,0.986154182941865,0.8925271944208418,0.93291458976266,0.46021331219586054,17550592.4,251183541.2,2677531.0,2940195.0,0.8204697820710928,0.9894876143454943,0.01051238565450574,0.17953021792890717,0.8228114146004846,0.8200305488844295,1.9414842971762503,164.31066428392998,164.31066428392998,364.575,169.01999999999998,2.730622544546468,894.7704196352868,904.44609375,63.13076809398397,39.53607488549448,140.0962282136437,133.1913948059082,296.63803577423096,351.8524408340454,0.5641132680259351,3611.0,610.0,4220.0,3611.0,609.0,50.0,1173.6,0.2816428556908682,4.648730625698762,5.695150092657704,440.01962780952454,-0.010836782512195279,0.8778893319918826,0.5210694610507771
thermal,P1_YOLO_Only,2653.0,213.4,23.0,721.6,0.8125444322211687,0.9935410087702634,0.8038302209509434,0.8765254267184327,0.3893829557543228,18190805.0,251022775.2,2838297.0,2299982.4,0.817027979408234,0.9890173178130052,0.010982682186994861,0.18297202059176604,0.8317437456738886,0.8209654723126292,1.8128807326303353,162.5523752420059,162.5523752420059,192.845,165.32999999999998,2.5768389456589578,844.3786024628222,850.11171875,4.656075936647201,4.853309179821976,218.98465462922732,206.17265701293945,288.8139009475708,347.60279655456543,1.0,3611.0,610.0,4220.0,3611.0,609.0,0.0,0.0,0.0,6.200000000000001,7.903655584399826,782.0296834468842,0.0,0.8125444322211687,0.5335786304944793
thermal,P2_FrameDiff,644.4,236.2,0.2,2730.2,0.3953198634733867,0.9997703788748564,0.3541121101544951,0.4514444423752308,0.25214691200942785,6139497.6,253061307.0,799765.2,14351289.8,0.3941479202619565,0.9964827307741289,0.0035172692258711802,0.6058520797380436,0.8438143632707679,0.49786019666400333,5.048076426256426,61.46240373129474,61.46240373129474,306.185,37.605000000000004,2.6087045002243796,854.8202906335248,859.6640625,115.94173600469496,1.4897274234117157,73.11180775799394,43.59912872314453,206.6763162612915,302.23567485809326,0.3174913891986188,3611.0,610.0,4220.0,3611.0,609.0,0.0,0.0,0.0,2.8874569459930934,3.3517807599270975,147.86387124061585,0.6233486813508798,0.5623404727696322,0.23646971552605706
thermal,P3_MOG2,2217.0,232.2,4.2,1157.6,0.7522971295472479,0.9983337534757426,0.7352581041086382,0.8358785626609768,0.3836224175305203,14706548.4,251627491.8,2233580.4,5784239.0,0.7474557483340147,0.9910166671261837,0.008983332873816339,0.25254425166598515,0.8381894135269059,0.7835742384796555,2.6899841832382045,121.08005150904512,121.08005150904512,354.815,151.025,2.664918398535206,873.2404705094843,878.50234375,129.67624200787066,4.499733150059654,171.1792373325141,181.7068576812744,327.2379159927368,415.30001163482666,0.6767210500907481,3611.0,610.0,4220.0,3611.0,609.0,50.0,0.0,0.0,5.083605250453742,5.773372311971784,552.9358733654022,0.25553751892954374,0.923115316472925,0.4612283833407359
turbulence,ASMAG_TR_CONTROLLER,958.5,535.5,1533.75,23.25,0.4739659077421666,0.38051693418025084,0.9629186602870814,0.5426220247324915,0.1192108770621475,1207092.0,450736831.0,2772339.75,587532.0,0.6709908151152317,0.9941184520474464,0.005881547952553525,0.3290091848847682,0.38292647872399455,0.45940708471028135,0.7526652589916554,154.0229819707058,154.0229819707058,253.73125,164.66875,2.990097415024101,979.7951209550974,988.5029296875,23.559916830320546,5.274996476939484,181.317976661204,158.72585773468018,261.59578561782837,319.61822509765625,0.8599995343776476,3051.0,875.0,3925.0,3051.0,874.0,50.0,0.0,0.0,5.999997671888239,7.067028934199099,520.3368119001389,0.05001590255587615,0.509430404610158,0.26861652908079847
turbulence,ASMAG_TR_CONTROLLER_ONLINE_CALIBRATED,964.75,384.5,1684.75,17.0,0.4376714927663246,0.36469814201886674,0.9728867623604466,0.524789052671081,0.09380244943486903,1295534.25,448100231.25,5408939.5,499089.75,0.6720540513128002,0.9889104044769128,0.0110895955230872,0.32794594868719984,0.25040670334150966,0.3274474279482077,1.2500244408393353,147.21070742674146,147.21070742674146,236.04375,156.56875,2.9872054291395034,978.8475858921763,998.919921875,7.528990321591224,7.854172489267495,241.73992995654945,227.40238904953003,340.6525254249573,406.08978271484375,0.8069479078806708,3051.0,875.0,3925.0,3051.0,874.0,50.0,325.5,0.09247026041808235,5.7794118173589295,6.778415327319916,698.9596630334854,0.09200477443736285,0.48381906916994327,0.1415187202590849
turbulence,ASMAG_TR_FAST,951.5,153.25,1916.0,30.25,0.3763298510175897,0.34513036974312716,0.9517543859649122,0.4976605254240804,-0.002653160441800775,1312012.0,446258880.75,7250290.0,482612.0,0.6371416107853085,0.9851063550496724,0.014893644950327675,0.36285838921469143,0.1878093908350677,0.25836732403942253,1.622104930029907,152.21411398758232,152.21411398758232,322.75624999999997,155.20625,2.9757285635746187,975.0868645102635,998.875,19.979377108678044,17.227187489494725,175.36149326336934,177.67870426177979,270.11024951934814,325.73485374450684,0.7025095030495141,3051.0,875.0,3925.0,3051.0,874.0,50.0,901.5,0.2516269628340151,5.33771021153097,6.296177235616515,492.7987138032913,0.0611734635375831,0.39273533998806237,0.09117487103675134
turbulence,P1_YOLO_Only,155.25,1987.75,81.5,826.5,0.6837734438531473,0.6013110162108286,0.14487206118260704,0.22028277769175833,0.16915107383810463,406267.25,453244601.0,264569.75,1388356.75,0.13993830382940092,0.9995040057262814,0.000495994273718475,0.860061696170599,0.3364922825024751,0.1896518474045454,0.4540134888152032,162.15546926000826,162.15546926000826,194.86875,165.29375,2.6511607806620003,868.7323694889164,872.33203125,5.392047454213878,5.574103908903754,190.5332381670924,180.78583478927612,251.8635392189026,309.9069595336914,1.0,3051.0,875.0,3925.0,3051.0,874.0,0.0,0.0,0.0,6.200000000000001,7.843031460476844,572.8207592368126,0.0,0.6837734438531473,0.02608092312988211
turbulence,P2_FrameDiff,832.5,845.25,1224.0,149.25,0.5196332375991558,0.5491473808962463,0.7626114057218101,0.45766968081881754,0.05533346600462573,684972.0,451179776.0,2329394.75,1109652.0,0.25758808068370864,0.994504021525314,0.005495978474685956,0.7424119193162914,0.2437293742678312,0.2067484631362181,0.8611658238560279,127.56254985409967,127.56254985409967,257.60625,126.25,2.6994439039040397,884.5538381590627,893.15234375,45.984254491837774,3.861383327723476,155.00932674824438,145.67208290100098,209.15549993515015,256.0228705406189,0.751294411666123,3051.0,875.0,3925.0,3051.0,874.0,0.0,0.0,0.0,5.0564720583306135,6.240558418886003,423.0157154202461,0.21287727796326347,0.7057335842949646,0.04272110299612818
turbulence,P3_MOG2,958.5,535.5,1533.75,23.25,0.4739659077421666,0.38051693418025084,0.9629186602870814,0.5426220247324915,0.1192108770621475,1207092.0,450736831.0,2772339.75,587532.0,0.6709908151152317,0.9941184520474464,0.005881547952553525,0.3290091848847682,0.38292647872399455,0.45940708471028135,0.7526652589916554,153.90648852698354,153.90648852698354,301.78125,164.4875,2.8335163719682392,928.4866454987916,937.908203125,22.72772221023914,5.158747260057661,187.1522463638313,164.01278972625732,278.3965468406677,346.0239768028259,0.8599995343776476,3051.0,875.0,3925.0,3051.0,874.0,50.0,0.0,0.0,5.999997671888239,7.1071074014391655,533.7419326305389,0.050738252988636545,0.5096276964953836,0.26861652908079847
